"i2023110600093","Pemerintah Kab. Aceh Besar","gi2023110400005"
"i2023110600094","Pemerintah Kab. Pidie","gi2023110400005"
"i2023110600095","Pemerintah Kab. Aceh Utara","gi2023110400005"
"i2023110600096","Pemerintah Kab. Aceh Timur","gi2023110400005"
"i2023110600097","Pemerintah Kab. Aceh Selatan","gi2023110400005"
"i2023110600098","Pemerintah Kab. Aceh Barat","gi2023110400005"
"i2023110600099","Pemerintah Kab. Aceh Tengah","gi2023110400005"
"i2023110600100","Pemerintah Kab. Aceh Tenggara","gi2023110400005"
"i2023110600101","Pemerintah Kab. Bireuen","gi2023110400005"
"i2023110600102","Pemerintah Kab. Aceh Barat Daya","gi2023110400005"
"i2023110600103","Pemerintah Kab. Gayo Lues","gi2023110400005"
"i2023110600104","Pemerintah Kab. Aceh Tamiang","gi2023110400005"
"i2023110600105","Pemerintah Kab. Nagan Raya","gi2023110400005"
"i2023110600106","Pemerintah Kab. Aceh Jaya","gi2023110400005"
"i2023110600107","Pemerintah Kab. Bener Meriah","gi2023110400005"
"i2023110600108","Pemerintah Kab. Pidie Jaya","gi2023110400005"
"i2023110600109","Pemerintah Kab. Buleleng","gi2023110400006"
"i2023110600110","Pemerintah Kab. Jembrana","gi2023110400006"
"i2023110600111","Pemerintah Kab. Karangasem","gi2023110400006"
"i2023110600112","Pemerintah Kab. Bangli","gi2023110400006"
"i2023110600113","Pemerintah Kab. Badung","gi2023110400006"
"i2023110600114","Pemerintah Kab. Tabanan","gi2023110400006"
"i2023110600115","Pemerintah Kab. Serang","gi2023110400007"
"i2023110600116","Pemerintah Kab. Pandeglang","gi2023110400007"
"i2023110600117","Pemerintah Kab. Lebak","gi2023110400007"
"i2023110600118","Pemerintah Kab. Tangerang","gi2023110400007"
"i2023110600119","Pemerintah Kab. Bengkulu Utara","gi2023110400008"
"i2023110600120","Pemerintah Kab. Bengkulu Selatan","gi2023110400008"
"i2023110600121","Pemerintah Kab. Rejang Lebong","gi2023110400008"
"i2023110600122","Pemerintah Kab. Kaur","gi2023110400008"
"i2023110600123","Pemerintah Kab. Seluma","gi2023110400008"
"i2023110600124","Pemerintah Kab. Mukomuko","gi2023110400008"
"i2023110600125","Pemerintah Kab. Kepahiang","gi2023110400008"
"i2023110600126","Pemerintah Kab. Lebong","gi2023110400008"
"i2023110600127","Pemerintah Kab. Bengkulu Tengah","gi2023110400008"
"i2023110600128","Pemerintah Kab. Gorontalo","gi2023110400009"
"i2023110600129","Pemerintah Kab. Boalemo","gi2023110400009"
"i2023110600130","Pemerintah Kab. Pohuwato","gi2023110400009"
"i2023110600131","Pemerintah Kab. Bone Bolango","gi2023110400009"
"i2023110600132","Pemerintah Kab. Gorontalo Utara","gi2023110400009"
"i2023110600133","Pemerintah Kab. Batang Hari","gi2023110400010"
"i2023110600134","Pemerintah Kab. Tanjung Jabung Barat","gi2023110400010"
"i2023110600135","Pemerintah Kab. Bungo","gi2023110400010"
"i2023110600136","Pemerintah Kab. Merangin","gi2023110400010"
"i2023110600137","Pemerintah Kab. Kerinci","gi2023110400010"
"i2023110600138","Pemerintah Kab. Sarolangun","gi2023110400010"
"i2023110600139","Pemerintah Kab. Tebo","gi2023110400010"
"i2023110600140","Pemerintah Kab. Muaro Jambi","gi2023110400010"
"i2023110600141","Pemerintah Kab. Tanjung Jabung Timur","gi2023110400010"
"i2023110600142","Pemerintah Kab. Bogor","gi2023110400011"
"i2023110600143","Pemerintah Kab. Sukabumi","gi2023110400011"
"i2023110600144","Pemerintah Kab. Cianjur","gi2023110400011"
"i2023110600145","Pemerintah Kab. Bekasi","gi2023110400011"
"i2023110600146","Pemerintah Kab. Karawang","gi2023110400011"
"i2023110600147","Pemerintah Kab. Purwakarta","gi2023110400011"
"i2023110600148","Pemerintah Kab. Subang","gi2023110400011"
"i2023110600149","Pemerintah Kab. Bandung","gi2023110400011"
"i2023110600150","Pemerintah Kab. Sumedang","gi2023110400011"
"i2023110600151","Pemerintah Kab. Tasikmalaya","gi2023110400011"
"i2023110600152","Pemerintah Kab. Ciamis","gi2023110400011"
"i2023110600153","Pemerintah Kab. Cirebon","gi2023110400011"
"i2023110600154","Pemerintah Kab. Kuningan","gi2023110400011"
"i2023110600155","Pemerintah Kab. Indramayu","gi2023110400011"
"i2023110600156","Pemerintah Kab. Bandung Barat","gi2023110400011"
"i2023110600157","Pemerintah Kab. Pangandaran","gi2023110400011"
"i2023110600158","Pemerintah Kab. Semarang","gi2023110400012"
"i2023110600159","Pemerintah Kab. Kendal","gi2023110400012"
"i2023110600160","Pemerintah Kab. Grobogan","gi2023110400012"
"i2023110600161","Pemerintah Kab. Pekalongan","gi2023110400012"
"i2023110600162","Pemerintah Kab. Batang","gi2023110400012"
"i2023110600163","Pemerintah Kab. Tegal","gi2023110400012"
"i2023110600164","Pemerintah Kab. Brebes","gi2023110400012"
"i2023110600165","Pemerintah Kab. Kudus","gi2023110400012"
"i2023110600166","Pemerintah Kab. Pemalang","gi2023110400012"
"i2023110600167","Pemerintah Kab. Jepara","gi2023110400012"
"i2023110600168","Pemerintah Kab. Rembang","gi2023110400012"
"i2023110600169","Pemerintah Kab. Blora","gi2023110400012"
"i2023110600170","Pemerintah Kab. Banyumas","gi2023110400012"
"i2023110600171","Pemerintah Kab. Cilacap","gi2023110400012"
"i2023110600172","Pemerintah Kab. Purbalingga","gi2023110400012"
"i2023110600173","Pemerintah Kab. Banjarnegara","gi2023110400012"
"i2023110600174","Pemerintah Kab. Magelang","gi2023110400012"
"i2023110600175","Pemerintah Kab. Wonosobo","gi2023110400012"
"i2023110600176","Pemerintah Kab. Purworejo","gi2023110400012"
"i2023110600177","Pemerintah Kab. Kebumen","gi2023110400012"
"i2023110600178","Pemerintah Kab. Sragen","gi2023110400012"
"i2023110600179","Pemerintah Kab. Sukoharjo","gi2023110400012"
"i2023110600180","Pemerintah Kab. Karanganyar","gi2023110400012"
"i2023110600181","Pemerintah Kab. Wonogiri","gi2023110400012"
"i2023110600182","Pemerintah Kab. Gresik","gi2023110400013"
"i2023110600183","Pemerintah Kab. Mojokerto","gi2023110400013"
"i2023110600184","Pemerintah Kab. Sidoarjo","gi2023110400013"
"i2023110600185","Pemerintah Kab. Jombang","gi2023110400013"
"i2023110600186","Pemerintah Kab. Sampang","gi2023110400013"
"i2023110600187","Pemerintah Kab. Pamekasan","gi2023110400013"
"i2023110600188","Pemerintah Kab. Sumenep","gi2023110400013"
"i2023110600189","Pemerintah Kab. Bangkalan","gi2023110400013"
"i2023110600190","Pemerintah Kab. Bondowoso","gi2023110400013"
"i2023110600191","Pemerintah Kab. Situbondo","gi2023110400013"
"i2023110600192","Pemerintah Kab. Jember","gi2023110400013"
"i2023110600193","Pemerintah Kab. Malang","gi2023110400013"
"i2023110600194","Pemerintah Kab. Pasuruan","gi2023110400013"
"i2023110600195","Pemerintah Kab. Probolinggo","gi2023110400013"
"i2023110600196","Pemerintah Kab. Lumajang","gi2023110400013"
"i2023110600197","Pemerintah Kab. Kediri","gi2023110400013"
"i2023110600198","Pemerintah Kab. Tulungagung","gi2023110400013"
"i2023110600199","Pemerintah Kab. Nganjuk","gi2023110400013"
"i2023110600200","Pemerintah Kab. Trenggalek","gi2023110400013"
"i2023110600201","Pemerintah Kab. Blitar","gi2023110400013"
"i2023110600202","Pemerintah Kab. Magetan","gi2023110400013"
"i2023110600203","Pemerintah Kab. Ponorogo","gi2023110400013"
"i2023110600204","Pemerintah Kab. Pacitan","gi2023110400013"
"i2023110600205","Pemerintah Kab. Bojonegoro","gi2023110400013"
"i2023110600206","Pemerintah Kab. Tuban","gi2023110400013"
"i2023110600207","Pemerintah Kab. Lamongan","gi2023110400013"
"i2023110600208","Pemerintah Kab. Sambas","gi2023110400014"
"i2023110600209","Pemerintah Kab. Sanggau","gi2023110400014"
"i2023110600210","Pemerintah Kab. Sintang","gi2023110400014"
"i2023110600211","Pemerintah Kab. Mempawah","gi2023110400014"
"i2023110600212","Pemerintah Kab. Kapuas Hulu","gi2023110400014"
"i2023110600213","Pemerintah Kab. Ketapang","gi2023110400014"
"i2023110600214","Pemerintah Kab. Bengkayang","gi2023110400014"
"i2023110600215","Pemerintah Kab. Landak","gi2023110400014"
"i2023110600216","Pemerintah Kab. Melawi","gi2023110400014"
"i2023110600217","Pemerintah Kab. Sekadau","gi2023110400014"
"i2023110600218","Pemerintah Kab. Kubu Raya","gi2023110400014"
"i2023110600219","Pemerintah Kab. Kayong Utara","gi2023110400014"
"i2023110600220","Pemerintah Kab. Banjar","gi2023110400015"
"i2023110600221","Pemerintah Kab. Tanah Laut","gi2023110400015"
"i2023110600222","Pemerintah Kab. Tapin","gi2023110400015"
"i2023110600223","Pemerintah Kab. Hulu Sungai Selatan","gi2023110400015"
"i2023110600224","Pemerintah Kab. Hulu Sungai Tengah","gi2023110400015"
"i2023110600225","Pemerintah Kab. Barito Kuala","gi2023110400015"
"i2023110600226","Pemerintah Kab. Tabalong","gi2023110400015"
"i2023110600227","Pemerintah Kab. Kotabaru","gi2023110400015"
"i2023110600228","Pemerintah Kab. Hulu Sungai Utara","gi2023110400015"
"i2023110600229","Pemerintah Kab. Tanah Bumbu","gi2023110400015"
"i2023110600230","Pemerintah Kab. Balangan","gi2023110400015"
"i2023110600231","Pemerintah Kab. Kapuas","gi2023110400016"
"i2023110600232","Pemerintah Kab. Barito Utara","gi2023110400016"
"i2023110600233","Pemerintah Kab. Barito Selatan","gi2023110400016"
"i2023110600234","Pemerintah Kab. Kotawaringin Timur","gi2023110400016"
"i2023110600235","Pemerintah Kab. Kotawaringin Barat","gi2023110400016"
"i2023110600236","Pemerintah Kab. Pulang Pisau","gi2023110400016"
"i2023110600237","Pemerintah Kab. Gunung Mas","gi2023110400016"
"i2023110600238","Pemerintah Kab. Lamandau","gi2023110400016"
"i2023110600239","Pemerintah Kab. Sukamara","gi2023110400016"
"i2023110600240","Pemerintah Kab. Murung Raya","gi2023110400016"
"i2023110600241","Pemerintah Kab. Katingan","gi2023110400016"
"i2023110600242","Pemerintah Kab. Seruyan","gi2023110400016"
"i2023110600243","Pemerintah Kab. Barito Timur","gi2023110400016"
"i2023110600244","Pemerintah Kab. Kutai Kartanegara","gi2023110400017"
"i2023110600245","Pemerintah Kab. Paser","gi2023110400017"
"i2023110600246","Pemerintah Kab. Berau","gi2023110400017"
"i2023110600247","Pemerintah Kab. Kutai Barat","gi2023110400017"
"i2023110600248","Pemerintah Kab. Kutai Timur","gi2023110400017"
"i2023110600249","Pemerintah Kab. Penajam Paser Utara","gi2023110400017"
"i2023110600250","Pemerintah Kab. Bulungan","gi2023110400018"
"i2023110600251","Pemerintah Kab. Malinau","gi2023110400018"
"i2023110600252","Pemerintah Kab. Nunukan","gi2023110400018"
"i2023110600253","Pemerintah Kab. Tana Tidung","gi2023110400018"
"i2023110600254","Pemerintah Kab. Bangka","gi2023110400019"
"i2023110600255","Pemerintah Kab. Belitung","gi2023110400019"
"i2023110600256","Pemerintah Kab. Bangka Barat","gi2023110400019"
"i2023110600257","Pemerintah Kab. Bangka Tengah","gi2023110400019"
"i2023110600258","Pemerintah Kab. Bangka Selatan","gi2023110400019"
"i2023110600259","Pemerintah Kab. Belitung Timur","gi2023110400019"
"i2023110600260","Pemerintah Kab. Lampung Selatan","gi2023110400020"
"i2023110600261","Pemerintah Kab. Lampung Tengah","gi2023110400020"
"i2023110600262","Pemerintah Kab. Lampung Utara","gi2023110400020"
"i2023110600263","Pemerintah Kab. Lampung Barat","gi2023110400020"
"i2023110600264","Pemerintah Kab. Tulang Bawang","gi2023110400020"
"i2023110600265","Pemerintah Kab. Tanggamus","gi2023110400020"
"i2023110600266","Pemerintah Kab. Way Kanan","gi2023110400020"
"i2023110600267","Pemerintah Kab. Lampung Timur","gi2023110400020"
"i2023110600268","Pemerintah Kab. Pesawaran","gi2023110400020"
"i2023110600269","Pemerintah Kab. Tulang Bawang Barat","gi2023110400020"
"i2023110600270","Pemerintah Kab. Pringsewu","gi2023110400020"
"i2023110600271","Pemerintah Kab. Mesuji","gi2023110400020"
"i2023110600272","Pemerintah Kab. Pesisir Barat","gi2023110400020"
"i2023110600273","Pemerintah Kab. Maluku Tengah","gi2023110400021"
"i2023110600274","Pemerintah Kab. Maluku Tenggara","gi2023110400021"
"i2023110600275","Pemerintah Kab. Buru","gi2023110400021"
"i2023110600276","Pemerintah Kab. Kepulauan Tanimbar","gi2023110400021"
"i2023110600277","Pemerintah Kab. Seram Bagian Barat","gi2023110400021"
"i2023110600278","Pemerintah Kab. Seram Bagian Timur","gi2023110400021"
"i2023110600279","Pemerintah Kab. Buru Selatan","gi2023110400021"
"i2023110600280","Pemerintah Kab. Maluku Barat Daya","gi2023110400021"
"i2023110600281","Pemerintah Kab. Halmahera Barat","gi2023110400022"
"i2023110600282","Pemerintah Kab. Halmahera Selatan","gi2023110400022"
"i2023110600283","Pemerintah Kab. Halmahera Utara","gi2023110400022"
"i2023110600284","Pemerintah Kab. Pulau Morotai","gi2023110400022"
"i2023110600285","Pemerintah Kab. Pulau Taliabu","gi2023110400022"
"i2023110600286","Pemerintah Kab. Lombok Barat","gi2023110400023"
"i2023110600287","Pemerintah Kab. Lombok Tengah","gi2023110400023"
"i2023110600288","Pemerintah Kab. Lombok Timur","gi2023110400023"
"i2023110600289","Pemerintah Kab. Bima","gi2023110400023"
"i2023110600290","Pemerintah Kab. Sumbawa","gi2023110400023"
"i2023110600291","Pemerintah Kab. Dompu","gi2023110400023"
"i2023110600292","Pemerintah Kab. Sumbawa Barat","gi2023110400023"
"i2023110600293","Pemerintah Kab. Lombok Utara","gi2023110400023"
"i2023110600294","Pemerintah Kab. Kupang","gi2023110400024"
"i2023110600295","Pemerintah Kab. Belu","gi2023110400024"
"i2023110600296","Pemerintah Kab. Timor Tengah Utara","gi2023110400024"
"i2023110600297","Pemerintah Kab. Timor Tengah Selatan","gi2023110400024"
"i2023110600298","Pemerintah Kab. Alor","gi2023110400024"
"i2023110600299","Pemerintah Kab. Sikka","gi2023110400024"
"i2023110600300","Pemerintah Kab. Flores Timur","gi2023110400024"
"i2023110600301","Pemerintah Kab. Ngada","gi2023110400024"
"i2023110600302","Pemerintah Kab. Manggarai","gi2023110400024"
"i2023110600303","Pemerintah Kab. Sumba Timur","gi2023110400024"
"i2023110600304","Pemerintah Kab. Sumba Barat","gi2023110400024"
"i2023110600305","Pemerintah Kab. Lembata","gi2023110400024"
"i2023110600306","Pemerintah Kab. Rote Ndao","gi2023110400024"
"i2023110600307","Pemerintah Kab. Manggarai Barat","gi2023110400024"
"i2023110600308","Pemerintah Kab. Manggarai Timur","gi2023110400024"
"i2023110600309","Pemerintah Kab. Sumba Barat Daya","gi2023110400024"
"i2023110600310","Pemerintah Kab. Nagekeo","gi2023110400024"
"i2023110600311","Pemerintah Kab. Sumba Tengah","gi2023110400024"
"i2023110600312","Pemerintah Kab. Sabu Raijua","gi2023110400024"
"i2023110600313","Pemerintah Kab. Malaka","gi2023110400024"
"i2023110600314","Pemerintah Kab. Jayapura","gi2023110400025"
"i2023110600315","Pemerintah Kab. Merauke","gi2023110400025"
"i2023110600316","Pemerintah Kab. Jayawijaya","gi2023110400025"
"i2023110600317","Pemerintah Kab. Nabire","gi2023110400025"
"i2023110600318","Pemerintah Kab. Puncak Jaya","gi2023110400025"
"i2023110600319","Pemerintah Kab. Mimika","gi2023110400025"
"i2023110600320","Pemerintah Kab. Boven Digoel","gi2023110400025"
"i2023110600321","Pemerintah Kab. Mappi","gi2023110400025"
"i2023110600322","Pemerintah Kab. Yahukimo","gi2023110400025"
"i2023110600323","Pemerintah Kab. Pegunungan Bintang","gi2023110400025"
"i2023110600324","Pemerintah Kab. Keerom","gi2023110400025"
"i2023110600325","Pemerintah Kab. Supiori","gi2023110400025"
"i2023110600326","Pemerintah Kab. Mamberamo Tengah","gi2023110400025"
"i2023110600327","Pemerintah Kab. Lanny Jaya","gi2023110400025"
"i2023110600328","Pemerintah Kab. Intan Jaya","gi2023110400025"
"i2023110600329","Pemerintah Kab. Sorong","gi2023110400026"
"i2023110600330","Pemerintah Kab. Manokwari","gi2023110400026"
"i2023110600331","Pemerintah Kab. Fak-Fak","gi2023110400026"
"i2023110600332","Pemerintah Kab. Kaimana","gi2023110400026"
"i2023110600333","Pemerintah Kab. Manokwari Selatan","gi2023110400026"
"i2023110600334","Pemerintah Kab. Kampar","gi2023110400027"
"i2023110600335","Pemerintah Kab. Bengkalis","gi2023110400027"
"i2023110600336","Pemerintah Kab. Indragiri Hulu","gi2023110400027"
"i2023110600337","Pemerintah Kab. Indragiri Hilir","gi2023110400027"
"i2023110600338","Pemerintah Kab. Rokan Hulu","gi2023110400027"
"i2023110600339","Pemerintah Kab. Rokan Hilir","gi2023110400027"
"i2023110600340","Pemerintah Kab. Siak","gi2023110400027"
"i2023110600341","Pemerintah Kab. Kepulauan Meranti","gi2023110400027"
"i2023110600342","Pemerintah Kab. Bintan","gi2023110400027"
"i2023110600343","Pemerintah Kab. Karimun","gi2023110400027"
"i2023110600344","Pemerintah Kab. Natuna","gi2023110400027"
"i2023110600345","Pemerintah Kab. Lingga","gi2023110400027"
"i2023110600346","Pemerintah Kab. Kepulauan Anambas","gi2023110400027"
"i2023110600347","Pemerintah Kab. Pasangkayu","gi2023110400028"
"i2023110600348","Pemerintah Kab. Mamuju","gi2023110400028"
"i2023110600349","Pemerintah Kab. Mamasa","gi2023110400028"
"i2023110600350","Pemerintah Kab. Polewali Mandar","gi2023110400028"
"i2023110600351","Pemerintah Kab. Majene","gi2023110400028"
"i2023110600352","Pemerintah Kab. Mamuju Tengah","gi2023110400028"
"i2023110600353","Pemerintah Kab. Wajo","gi2023110400029"
"i2023110600354","Pemerintah Kab. Bone","gi2023110400029"
"i2023110600355","Pemerintah Kab. Tana Toraja","gi2023110400029"
"i2023110600356","Pemerintah Kab. Maros","gi2023110400029"
"i2023110600357","Pemerintah Kab. Luwu","gi2023110400029"
"i2023110600358","Pemerintah Kab. Sinjai","gi2023110400029"
"i2023110600359","Pemerintah Kab. Bulukumba","gi2023110400029"
"i2023110600360","Pemerintah Kab. Bantaeng","gi2023110400029"
"i2023110600361","Pemerintah Kab. Jeneponto","gi2023110400029"
"i2023110600362","Pemerintah Kab. Kepulauan Selayar","gi2023110400029"
"i2023110600363","Pemerintah Kab. Takalar","gi2023110400029"
"i2023110600364","Pemerintah Kab. Barru","gi2023110400029"
"i2023110600365","Pemerintah Kab. Sidenreng Rappang","gi2023110400029"
"i2023110600366","Pemerintah Kab. Pangkajene dan Kepulauan","gi2023110400029"
"i2023110600367","Pemerintah Kab. Soppeng","gi2023110400029"
"i2023110600368","Pemerintah Kab. Enrekang","gi2023110400029"
"i2023110600369","Pemerintah Kab. Luwu Utara","gi2023110400029"
"i2023110600370","Pemerintah Kab. Luwu Timur","gi2023110400029"
"i2023110600371","Pemerintah Kab. Toraja Utara","gi2023110400029"
"i2023110600372","Pemerintah Kab. Poso","gi2023110400030"
"i2023110600373","Pemerintah Kab. Donggala","gi2023110400030"
"i2023110600374","Pemerintah Kab. Tolitoli","gi2023110400030"
"i2023110600375","Pemerintah Kab. Banggai","gi2023110400030"
"i2023110600376","Pemerintah Kab. Buol","gi2023110400030"
"i2023110600377","Pemerintah Kab. Morowali","gi2023110400030"
"i2023110600378","Pemerintah Kab. Banggai Kepulauan","gi2023110400030"
"i2023110600379","Pemerintah Kab. Parigi Moutong","gi2023110400030"
"i2023110600380","Pemerintah Kab. Tojo Una Una","gi2023110400030"
"i2023110600381","Pemerintah Kab. Sigi","gi2023110400030"
"i2023110600382","Pemerintah Kab. Banggai Laut","gi2023110400030"
"i2023110600383","Pemerintah Kab. Morowali Utara","gi2023110400030"
"i2023110600384","Pemerintah Kab. Konawe","gi2023110400031"
"i2023110600385","Pemerintah Kab. Buton","gi2023110400031"
"i2023110600386","Pemerintah Kab. Muna","gi2023110400031"
"i2023110600387","Pemerintah Kab. Kolaka","gi2023110400031"
"i2023110600388","Pemerintah Kab. Konawe Selatan","gi2023110400031"
"i2023110600389","Pemerintah Kab. Kolaka Utara","gi2023110400031"
"i2023110600390","Pemerintah Kab. Bombana","gi2023110400031"
"i2023110600391","Pemerintah Kab. Wakatobi","gi2023110400031"
"i2023110600392","Pemerintah Kab. Buton Utara","gi2023110400031"
"i2023110600393","Pemerintah Kab. Konawe Utara","gi2023110400031"
"i2023110600394","Pemerintah Kab. Kolaka Timur","gi2023110400031"
"i2023110600395","Pemerintah Kab. Konawe Kepulauan","gi2023110400031"
"i2023110600396","Pemerintah Kab. Buton Tengah","gi2023110400031"
"i2023110600397","Pemerintah Kab. Muna Barat","gi2023110400031"
"i2023110600398","Pemerintah Kab. Minahasa","gi2023110400032"
"i2023110600399","Pemerintah Kab. Bolaang Mongondow","gi2023110400032"
"i2023110600400","Pemerintah Kab. Kepulauan Sangihe","gi2023110400032"
"i2023110600401","Pemerintah Kab. Minahasa Selatan","gi2023110400032"
"i2023110600402","Pemerintah Kab. Kepulauan Talaud","gi2023110400032"
"i2023110600403","Pemerintah Kab. Minahasa Utara","gi2023110400032"
"i2023110600404","Pemerintah Kab. Bolaang Mongondow Utara","gi2023110400032"
"i2023110600405","Pemerintah Kab. Siau Tagulandang Biaro","gi2023110400032"
"i2023110600406","Pemerintah Kab. Minahasa Tenggara","gi2023110400032"
"i2023110600407","Pemerintah Kab. Bolaang Mongondow Selatan","gi2023110400032"
"i2023110600408","Pemerintah Kab. Bolaang Mongondow Timur","gi2023110400032"
"i2023110600409","Pemerintah Kab. Agam","gi2023110400033"
"i2023110600410","Pemerintah Kab. Pasaman","gi2023110400033"
"i2023110600411","Pemerintah Kab. Limapuluh Kota","gi2023110400033"
"i2023110600412","Pemerintah Kab. Solok","gi2023110400033"
"i2023110600413","Pemerintah Kab. Padang Pariaman","gi2023110400033"
"i2023110600414","Pemerintah Kab. Pesisir Selatan","gi2023110400033"
"i2023110600415","Pemerintah Kab. Tanah Datar","gi2023110400033"
"i2023110600416","Pemerintah Kab. Sijunjung","gi2023110400033"
"i2023110600417","Pemerintah Kab. Kep. Mentawai","gi2023110400033"
"i2023110600418","Pemerintah Kab. Solok Selatan","gi2023110400033"
"i2023110600419","Pemerintah Kab. Dharmasraya","gi2023110400033"
"i2023110600420","Pemerintah Kab. Pasaman Barat","gi2023110400033"
"i2023110600421","Pemerintah Kab. Musi Banyuasin","gi2023110400034"
"i2023110600422","Pemerintah Kab. Ogan Komering Ulu","gi2023110400034"
"i2023110600423","Pemerintah Kab. Muara Enim","gi2023110400034"
"i2023110600424","Pemerintah Kab. Lahat","gi2023110400034"
"i2023110600425","Pemerintah Kab. Musi Rawas","gi2023110400034"
"i2023110600426","Pemerintah Kab. Ogan Komering Ilir","gi2023110400034"
"i2023110600427","Pemerintah Kab. Banyuasin","gi2023110400034"
"i2023110600428","Pemerintah Kab. Ogan Komering Ulu Timur","gi2023110400034"
"i2023110600429","Pemerintah Kab. Ogan Komering Ulu Sel.","gi2023110400034"
"i2023110600430","Pemerintah Kab. Ogan Ilir","gi2023110400034"
"i2023110600431","Pemerintah Kab. Empat Lawang","gi2023110400034"
"i2023110600432","Pemerintah Kab. Musi Rawas Utara","gi2023110400034"
"i2023110600433","Pemerintah Kab. Penukal Abab Lematang Ilir","gi2023110400034"
"i2023110600434","Pemerintah Kab. Deli Serdang","gi2023110400035"
"i2023110600435","Pemerintah Kab. Karo","gi2023110400035"
"i2023110600436","Pemerintah Kab. Langkat","gi2023110400035"
"i2023110600437","Pemerintah Kab. Tapanuli Tengah","gi2023110400035"
"i2023110600438","Pemerintah Kab. Simalungun","gi2023110400035"
"i2023110600439","Pemerintah Kab. Labuhanbatu","gi2023110400035"
"i2023110600440","Pemerintah Kab. Dairi","gi2023110400035"
"i2023110600441","Pemerintah Kab. Tapanuli Utara","gi2023110400035"
"i2023110600442","Pemerintah Kab. Tapanuli Selatan","gi2023110400035"
"i2023110600443","Pemerintah Kab. Asahan","gi2023110400035"
"i2023110600444","Pemerintah Kab. Nias","gi2023110400035"
"i2023110600445","Pemerintah Kab. Toba","gi2023110400035"
"i2023110600446","Pemerintah Kab. Mandailing Natal","gi2023110400035"
"i2023110600447","Pemerintah Kab. Nias Selatan","gi2023110400035"
"i2023110600448","Pemerintah Kab. Humbang Hasundutan","gi2023110400035"
"i2023110600449","Pemerintah Kab. Pakpak Bharat","gi2023110400035"
"i2023110600450","Pemerintah Kab. Samosir","gi2023110400035"
"i2023110600451","Pemerintah Kab. Serdang Bedagai","gi2023110400035"
"i2023110600452","Pemerintah Kab. Padang Lawas","gi2023110400035"
"i2023110600453","Pemerintah Kab. Padang Lawas Utara","gi2023110400035"
"i2023110600454","Pemerintah Kab. Batubara","gi2023110400035"
"i2023110600455","Pemerintah Kab. Nias Barat","gi2023110400035"
"i2023110600456","Pemerintah Kab. Nias Utara","gi2023110400035"
"i2023110600457","Pemerintah Kab. Sleman","gi2023110400036"
"i2023110600458","Pemerintah Kab. Gunungkidul","gi2023110400036"
"i2023110600459","Pemerintah Kota Sabang","gi2023110400037"
"i2023110600460","Pemerintah Kota Banda Aceh","gi2023110400037"
"i2023110600461","Pemerintah Kota Langsa","gi2023110400037"
"i2023110600462","Pemerintah Kota Subulussalam","gi2023110400037"
"i2023110600463","Pemerintah Kota Denpasar","gi2023110400038"
"i2023110600464","Pemerintah Kota Tangerang","gi2023110400039"
"i2023110600465","Pemerintah Kota Cilegon","gi2023110400039"
"i2023110600466","Pemerintah Kota Serang","gi2023110400039"
"i2023110600467","Pemerintah Kota Tangerang Selatan","gi2023110400039"
"i2023110600468","Pemerintah Kota Bengkulu","gi2023110400040"
"i2023110600469","Pemerintah Kota Gorontalo","gi2023110400041"
"i2023110600470","Pemerintah Kota Jambi","gi2023110400042"
"i2023110600471","Pemerintah Kota Sungai Penuh","gi2023110400042"
"i2023110600472","Pemerintah Kota Bandung","gi2023110400043"
"i2023110600473","Pemerintah Kota Bogor","gi2023110400043"
"i2023110600474","Pemerintah Kota Cirebon","gi2023110400043"
"i2023110600475","Pemerintah Kota Bekasi","gi2023110400043"
"i2023110600476","Pemerintah Kota Depok","gi2023110400043"
"i2023110600477","Pemerintah Kota Cimahi","gi2023110400043"
"i2023110600478","Pemerintah Kota Tasikmalaya","gi2023110400043"
"i2023110600479","Pemerintah Kota Banjar","gi2023110400043"
"i2023110600480","Pemerintah Kota Semarang","gi2023110400044"
"i2023110600481","Pemerintah Kota Salatiga","gi2023110400044"
"i2023110600482","Pemerintah Kota Tegal","gi2023110400044"
"i2023110600483","Pemerintah Kota Magelang","gi2023110400044"
"i2023110600484","Pemerintah Kota Surakarta","gi2023110400044"
"i2023110600485","Pemerintah Kota Surabaya","gi2023110400045"
"i2023110600486","Pemerintah Kota Mojokerto","gi2023110400045"
"i2023110600487","Pemerintah Kota Malang","gi2023110400045"
"i2023110600488","Pemerintah Kota Pasuruan","gi2023110400045"
"i2023110600489","Pemerintah Kota Probolinggo","gi2023110400045"
"i2023110600490","Pemerintah Kota Blitar","gi2023110400045"
"i2023110600491","Pemerintah Kota Kediri","gi2023110400045"
"i2023110600492","Pemerintah Kota Madiun","gi2023110400045"
"i2023110600493","Pemerintah Kota Batu","gi2023110400045"
"i2023110600494","Pemerintah Kota Pontianak","gi2023110400046"
"i2023110600495","Pemerintah Kota Banjarmasin","gi2023110400047"
"i2023110600496","Pemerintah Kota Banjarbaru","gi2023110400047"
"i2023110600497","Pemerintah Kota Palangka Raya","gi2023110400048"
"i2023110600498","Pemerintah Kota Samarinda","gi2023110400049"
"i2023110600499","Pemerintah Kota Balikpapan","gi2023110400049"
"i2023110600500","Pemerintah Kota Bontang","gi2023110400049"
"i2023110600501","Pemerintah Kota Tarakan","gi2023110400050"
"i2023110600502","Pemerintah Kota Pangkal Pinang","gi2023110400051"
"i2023110600503","Pemerintah Kota Metro","gi2023110400052"
"i2023110600504","Pemerintah Kota Bandar Lampung","gi2023110400052"
"i2023110600505","Pemerintah Kota Ambon","gi2023110400053"
"i2023110600506","Pemerintah Kota Tual","gi2023110400053"
"i2023110600507","Pemerintah Kota Ternate","gi2023110400054"
"i2023110600508","Pemerintah Kota Tidore Kepulauan","gi2023110400054"
"i2023110600509","Pemerintah Kota Mataram","gi2023110400055"
"i2023110600510","Pemerintah Kota Bima","gi2023110400055"
"i2023110600511","Pemerintah Kota Kupang","gi2023110400056"
"i2023110600512","Pemerintah Kota Jayapura","gi2023110400057"
"i2023110600513","Pemerintah Kota Sorong","gi2023110400058"
"i2023110600514","Pemerintah Kota Pekanbaru","gi2023110400059"
"i2023110600515","Pemerintah Kota Dumai","gi2023110400059"
"i2023110600516","Pemerintah Kota Batam","gi2023110400059"
"i2023110600517","Pemerintah Kota Tanjungpinang","gi2023110400059"
"i2023110600518","Pemerintah Kota Makassar","gi2023110400060"
"i2023110600519","Pemerintah Kota Parepare","gi2023110400060"
"i2023110600520","Pemerintah Kota Palopo","gi2023110400060"
"i2023110600521","Pemerintah Kota Palu","gi2023110400061"
"i2023110600522","Pemerintah Kota Kendari","gi2023110400062"
"i2023110600523","Pemerintah Kota Baubau","gi2023110400062"
"i2023110600524","Pemerintah Kota Manado","gi2023110400063"
"i2023110600525","Pemerintah Kota Bitung","gi2023110400063"
"i2023110600526","Pemerintah Kota Tomohon","gi2023110400063"
"i2023110600527","Pemerintah Kota KotaMobagu","gi2023110400063"
"i2023110600528","Pemerintah Kota Bukittinggi","gi2023110400064"
"i2023110600529","Pemerintah Kota Padang Panjang","gi2023110400064"
"i2023110600530","Pemerintah Kota Sawahlunto","gi2023110400064"
"i2023110600531","Pemerintah Kota Solok","gi2023110400064"
"i2023110600532","Pemerintah Kota Padang","gi2023110400064"
"i2023110600533","Pemerintah Kota Payakumbuh","gi2023110400064"
"i2023110600534","Pemerintah Kota Pariaman","gi2023110400064"
"i2023110600535","Pemerintah Kota Pagar Alam","gi2023110400065"
"i2023110600536","Pemerintah Kota Lubuk Linggau","gi2023110400065"
"i2023110600537","Pemerintah Kota Prabumulih","gi2023110400065"
"i2023110600538","Pemerintah Kota Tebing Tinggi","gi2023110400066"
"i2023110600539","Pemerintah Kota Binjai","gi2023110400066"
"i2023110600540","Pemerintah Kota Pematang Siantar","gi2023110400066"
"i2023110600541","Pemerintah Kota Tanjung Balai","gi2023110400066"
"i2023110600542","Pemerintah Kota Sibolga","gi2023110400066"
"i2023110600543","Pemerintah Kota Padangsidimpuan","gi2023110400066"
"i2023110600544","Pemerintah Kota Gunung Sitoli","gi2023110400066"
"i2023110600545","Pemerintah Aceh","gi2023110400067"
"i2023110600546","Pemerintah Provinsi Banten","gi2023110400068"
"i2023110600547","Pemerintah Provinsi Bengkulu","gi2023110400069"
"i2023110600548","Pemerintah Provinsi Gorontalo","gi2023110400070"
"i2023110600549","Pemerintah Provinsi DKI Jakarta","gi2023110400071"
"i2023110600550","Pemerintah Provinsi Jambi","gi2023110400072"
"i2023110600551","Pemerintah Provinsi Jawa Barat","gi2023110400073"
"i2023110600552","Pemerintah Provinsi Jawa Tengah","gi2023110400074"
"i2023110600553","Pemerintah Provinsi Jawa Timur","gi2023110400075"
"i2023110600554","Pemerintah Provinsi Kalimantan Barat","gi2023110400076"
"i2023110600555","Pemerintah Provinsi Kalimantan Tengah","gi2023110400077"
"i2023110600556","Pemerintah Provinsi Kalimantan Timur","gi2023110400078"
"i2023110600557","Pemerintah Provinsi Kalimantan Utara","gi2023110400079"
"i2023110600558","Pemerintah Provinsi Kep. Bangka Belitung","gi2023110400080"
"i2023110600559","Pemerintah Provinsi Lampung","gi2023110400081"
"i2023110600560","Pemerintah Provinsi Maluku","gi2023110400082"
"i2023110600561","Pemerintah Provinsi Maluku Utara","gi2023110400083"
"i2023110600562","Pemerintah Provinsi NTB","gi2023110400084"
"i2023110600563","Pemerintah Provinsi NTT","gi2023110400085"
"i2023110600564","Pemerintah Provinsi Papua","gi2023110400086"
"i2023110600565","Pemerintah Provinsi Papua Barat","gi2023110400087"
"i2023110600566","Pemerintah Provinsi Riau","gi2023110400088"
"i2023110600567","Pemerintah Provinsi Kepulauan Riau","gi2023110400088"
"i2023110600568","Pemerintah Provinsi Sulawesi Barat","gi2023110400089"
"i2023110600569","Pemerintah Provinsi Sulawesi Selatan","gi2023110400090"
"i2023110600570","Pemerintah Provinsi Sulawesi Tengah","gi2023110400091"
"i2023110600571","Pemerintah Provinsi Sulawesi Tenggara","gi2023110400092"
"i2023110600572","Pemerintah Provinsi Sulawesi Utara","gi2023110400093"
"i2023110600573","Pemerintah Provinsi Sumatera Barat","gi2023110400094"
"i2023110600574","Pemerintah Provinsi Sumatera Utara","gi2023110400095"
"i2023110600575","Pemerintah D.I. Yogyakarta","gi2023110400096"
